GROUP,PACKAGE,CLASS,INSTRUCTION_MISSED,INSTRUCTION_COVERED,BRANCH_MISSED,BRANCH_COVERED,LINE_MISSED,LINE_COVERED,COMPLEXITY_MISSED,COMPLEXITY_COVERED,METHOD_MISSED,METHOD_COVERED
ModuShield Gateway Service,com.modushield.gateway.filter,RequestIdFilter,0,74,0,6,0,17,0,9,0,6
ModuShield Gateway Service,com.modushield.gateway,GatewayApplication,5,3,0,0,2,1,1,1,1,1
ModuShield Gateway Service,com.modushield.gateway.error,JsonErrorResponseWriter,15,146,6,8,5,32,6,5,0,4
ModuShield Gateway Service,com.modushield.gateway.error,GatewayErrorFilter,9,133,5,15,3,31,5,12,0,7
ModuShield Gateway Service,com.modushield.gateway.policy.access,RouteMethodPolicy,5,188,8,30,2,43,8,21,0,10
ModuShield Gateway Service,com.modushield.gateway.policy.access,AccessProperties,0,10,0,0,0,4,0,3,0,3
ModuShield Gateway Service,com.modushield.gateway.policy.access,ApiKeyFilter,18,187,8,34,4,37,8,22,0,9
ModuShield Gateway Service,com.modushield.gateway.policy.limits,RequestSizePolicy,3,127,1,19,1,32,2,15,1,6
ModuShield Gateway Service,com.modushield.gateway.policy.limits,RateLimitPolicy.UserBucket,0,6,0,0,0,3,0,1,0,1
ModuShield Gateway Service,com.modushield.gateway.policy.limits,RateLimitPolicy,34,254,12,20,10,49,10,20,0,14
ModuShield Gateway Service,com.modushield.gateway.audit,AuditContext,2,56,2,4,1,12,2,5,0,4
ModuShield Gateway Service,com.modushield.gateway.audit,AuditFilter,14,167,5,9,5,36,4,13,0,10
ModuShield Gateway Service,com.modushield.gateway.auth,JwtService.Token,0,9,0,0,0,1,0,1,0,1
ModuShield Gateway Service,com.modushield.gateway.auth,AuthController.LoginResponse,0,18,0,0,0,1,0,1,0,1
ModuShield Gateway Service,com.modushield.gateway.auth,AuthController,13,114,2,6,3,27,2,10,0,8
ModuShield Gateway Service,com.modushield.gateway.auth,AuthController.Credentials,0,9,0,0,0,1,0,1,0,1
ModuShield Gateway Service,com.modushield.gateway.auth,JwtService,12,117,6,6,3,32,6,5,0,5
ModuShield Gateway Service,com.modushield.gateway.auth,UserService.UsernameAlreadyExistsException,0,3,0,0,0,1,0,1,0,1
ModuShield Gateway Service,com.modushield.gateway.auth,UserRole,0,15,0,0,0,3,0,1,0,1
ModuShield Gateway Service,com.modushield.gateway.auth,UserService.InvalidCredentialsException,0,4,0,0,0,2,0,1,0,1
ModuShield Gateway Service,com.modushield.gateway.auth,AuthProperties,0,34,0,0,0,14,0,9,0,9
ModuShield Gateway Service,com.modushield.gateway.auth,AuthController.UserResponse,0,9,0,0,0,1,0,1,0,1
ModuShield Gateway Service,com.modushield.gateway.auth,UserAccount,0,12,0,0,0,1,0,1,0,1
ModuShield Gateway Service,com.modushield.gateway.auth,UserService,0,140,1,23,0,32,1,17,0,6
ModuShield Gateway Service,com.modushield.gateway.auth,JwtService.AuthenticatedUser,0,9,0,0,0,1,0,1,0,1
ModuShield Gateway Service,com.modushield.gateway.auth,JwtAuthenticationFilter,17,175,8,16,4,33,8,12,0,8
ModuShield Gateway Service,com.modushield.gateway.policy,PolicyDecision,0,27,0,0,0,2,0,2,0,2
